model,mae,mape
baseline_7d_ma,55.809523809523824,134.7112455177745
ets,135.00255403686577,1542.3741175322232
